training_iteration,timesteps_total,timesteps_this_iter,episodes_total,episodes_this_iter,episode_len_mean,episode_reward_mean,episode_reward_min,episode_reward_max,success_mean,success_phase1_mean,success_qtr_mean,full_success_mean,phase2_started_mean,nav_hits_mean_mean,nav_hits_r0_mean,nav_hits_r1_mean,dual_stagnation_steps_mean,entropy,policy_loss,vf_loss,vf_explained_var,kl,cur_kl_coeff,entropy_coeff_used,iter_time_s,wall_time_s_total
1,6778,0,11,11,616.1818181818181,875.9635746866464,164.575691602936,2067.5054107556657,0.0,0.0,0.0,0.0,0.0,0.0,0.0,0.0,0.0,2.910627880186405,-0.0030625952418700283,1.7361069287893907,-0.028385301918353676,0.010346345649977249,0.01,0.0199,182.58876008703373,182.58876008703373
2,13379,6601,22,11,608.1363636363636,893.9232888056645,57.75856556345278,2067.5054107556657,0.0,0.0,0.0,0.0,0.0,0.0,0.0,0.0,0.0,2.9642317386773915,-2.5001684060463537e-05,1.6430939461176213,0.003759981691837311,0.012578086067396028,0.009999999999999998,0.019800500000000002,169.23941232683137,351.8281724138651
3,19895,6516,33,11,602.8787878787879,952.2042370972774,-28.26098450444036,2692.3295954868486,0.0,0.0,0.0,0.0,0.0,0.0,0.0,0.0,0.0,2.9891803317070007,-0.0016727167516946792,1.8382572093009948,0.0529941189289093,0.010916080571681969,0.01,0.0197014975,165.73023805511184,517.558410468977
4,26256,6361,44,11,596.7272727272727,845.2794208016537,-122.46127873670126,2692.3295954868486,0.0,0.0,0.0,0.0,0.0,0.0,0.0,0.0,0.0,3.181755010935725,-0.0019150899438073442,1.897110235204502,-0.036268063224091825,0.014688754618097807,0.01,0.0196029900125,160.4631813170854,678.0215917860623
5,32996,6740,55,11,599.9272727272727,885.4903019499917,-122.46127873670126,2775.462773521312,0.0,0.0,0.0,0.0,0.0,0.0,0.0,0.0,0.0,3.1180291315294664,-0.004611570487800493,1.7336256798708214,0.04880895828301052,0.019630122847785366,0.01,0.0195049750624375,169.53859822102822,847.5601900070906
6,39486,6490,67,12,589.3432835820895,879.5148679232315,-149.76075593145006,2775.462773521312,0.0,0.0,0.0,0.0,0.0,0.0,0.0,0.0,0.0,3.1744093046188353,-0.001715426245238632,1.739657854795456,0.03324381375312805,0.010265295602472203,0.01,0.01940745018712531,163.80571869504638,1011.365908702137
7,45953,6467,79,12,581.6835443037975,913.3651580153677,-149.76075593145006,2775.462773521312,0.0,0.0,0.0,0.0,0.0,0.0,0.0,0.0,0.0,3.0613409234028235,-0.003031929953060314,1.7069685398363599,0.038903479833228914,0.01368747546898081,0.009999999999999998,0.019310412936189684,162.33168241102248,1173.6975911131594
8,52390,6437,90,11,582.1111111111111,894.0733360985465,-149.76075593145006,2775.462773521312,0.0,0.0,0.0,0.0,0.0,0.0,0.0,0.0,0.0,3.3632379209294037,-0.004636527741711367,1.6799271945859873,0.08125031625523287,0.018509836365068224,0.009999999999999998,0.019213860871508736,167.14743920904584,1340.8450303222053
9,58890,6500,100,10,588.9,911.6019004118416,-149.76075593145006,2775.462773521312,0.0,0.0,0.0,0.0,0.0,0.0,0.0,0.0,0.0,3.364238126605165,-0.0012685013651920884,1.6865347965090882,0.023435746220981372,0.011035856997536701,0.009999999999999998,0.019117791567151193,163.21079948707484,1504.05582980928
10,65497,6607,113,13,574.71,959.1330984993759,-149.76075593145006,2775.462773521312,0.0,0.0,0.0,0.0,0.0,0.0,0.0,0.0,0.0,3.0726302754645256,-0.003135713353278298,1.8207361847746606,0.004650344801884071,0.012123869417797247,0.009999999999999998,0.019022202609315437,166.01250754785724,1670.0683373571374
11,71941,6444,124,11,572.62,948.2153178654853,-156.62527036952514,2775.462773521312,0.0,0.0,0.0,0.0,0.0,0.0,0.0,0.0,0.0,3.62214947681801,-0.002011356065414992,1.7085293875021093,0.33227243622144065,0.01652004237646055,0.009999999999999998,0.01892709159626886,162.3945799509529,1832.4629173080903
12,78161,6220,134,10,577.66,943.0677767393773,-156.62527036952514,2775.462773521312,0.0,0.0,0.0,0.0,0.0,0.0,0.0,0.0,0.0,3.181232917308807,-0.0029548192634441268,1.7491716797153154,0.12869933483501275,0.01361149962367567,0.01,0.018832456138287518,156.8084357259795,1989.2713530340698
13,84759,6598,145,11,582.63,955.7568756877786,-156.62527036952514,2775.462773521312,0.0,0.0,0.0,0.0,0.0,0.0,0.0,0.0,0.0,3.8896485232389892,-0.0016300648784426113,1.6262577524551978,0.2755835181245437,0.013930582419250437,0.009999999999999998,0.01873829385759608,169.84628969500773,2159.1176427290775
14,91494,6735,156,11,578.48,934.4792523877385,-202.436393391948,2731.1945396968813,0.0,0.0,0.0,0.0,0.0,0.0,0.0,0.0,0.0,3.8559901336453994,-0.0011422169733054514,1.69055944568706,0.2022390935780867,0.011417052556309988,0.01,0.0186446023883081,171.72250364511274,2330.84014637419
15,98047,6553,167,11,585.61,920.7888883242787,-202.436393391948,2731.1945396968813,0.0,0.0,0.0,0.0,0.0,0.0,0.0,0.0,0.0,3.8726736508882964,-0.0028840690358685186,1.6285502365002265,0.23807559070678858,0.012616256271058564,0.009999999999999998,0.01855137937636656,165.90684369392693,2496.746990068117
16,104232,6185,177,10,589.15,898.7148273140256,-202.436393391948,2731.1945396968813,0.0,0.0,0.0,0.0,0.0,0.0,0.0,0.0,0.0,3.6497480806039304,-0.0049517458988999835,1.736895674588729,0.22272275856563023,0.018818748292480012,0.01,0.018458622479484727,156.7233154741116,2653.4703055422287
17,110827,6595,188,11,597.37,901.8481398892084,-276.2330977624672,2731.1945396968813,0.0,0.0,0.0,0.0,0.0,0.0,0.0,0.0,0.0,3.843617967917369,-0.003315439611637535,1.777387400315358,0.19473403554696303,0.014246705373226769,0.009999999999999998,0.018366329367087302,165.687713121064,2819.1580186632928
18,117245,6418,199,11,590.05,890.1727554700042,-276.2330977624672,2731.1945396968813,0.0,0.0,0.0,0.0,0.0,0.0,0.0,0.0,0.0,3.7198732692368175,-0.0023569585560649937,1.7574997498064624,0.10710611185249017,0.019167119173638444,0.01,0.018274497720251866,160.61642177798785,2979.7744404412806
19,123408,6163,209,10,601.23,886.7235205451128,-276.2330977624672,2731.1945396968813,0.0,0.0,0.0,0.0,0.0,0.0,0.0,0.0,0.0,3.9464680343866347,-0.001296939739647011,1.613163670897484,0.24858749235669772,0.01061578377624162,0.01,0.018183125231650606,155.9222914071288,3135.6967318484094
20,129731,6323,221,12,594.44,845.8862104989233,-276.2330977624672,2731.1945396968813,0.0,0.0,0.0,0.0,0.0,0.0,0.0,0.0,0.0,4.013139266490937,-0.0023451690622605386,1.69753449344635,0.16908431899547577,0.01809740866952068,0.01,0.018092209605492352,161.0605690521188,3296.757300900528
21,136585,6854,233,12,590.74,881.5553068565496,-276.2330977624672,2633.5373619017446,0.0,0.0,0.0,0.0,0.0,0.0,0.0,0.0,0.0,3.2757417674248037,-0.002691897851540349,1.8676033723812837,0.0008849707933572623,0.0147321762078999,0.009999999999999998,0.01800174855746489,170.62818220700137,3467.3854831075296
22,143019,6434,244,11,589.1,933.7198372953878,-276.2330977624672,2633.5373619017446,0.0,0.0,0.0,0.0,0.0,0.0,0.0,0.0,0.0,3.8358633839354224,-0.0024677257887467893,1.7836620503542375,0.17592298497959058,0.017410461332563607,0.01,0.017911739814677568,159.00585903902538,3626.391342146555
23,149539,6520,255,11,586.95,957.8472971748198,-276.2330977624672,2633.5373619017446,0.0,0.0,0.0,0.0,0.0,0.0,0.0,0.0,0.0,3.687371597766876,-0.00284354451764375,1.8261879363059998,0.03208897852897644,0.015768645445248836,0.01,0.01782218111560418,162.6666060909629,3789.057948237518
24,155888,6349,266,11,584.91,1010.6922554425727,-276.2330977624672,2633.5373619017446,0.0,0.0,0.0,0.0,0.0,0.0,0.0,0.0,0.0,4.016637054268195,-0.00462945958561435,1.7281543040762142,0.1295156150448079,0.015536720980956915,0.01,0.017733070210026156,160.64690594607964,3949.7048541835975
25,162381,6493,277,11,581.49,970.0172332000907,-276.2330977624672,2633.5373619017446,0.0,0.0,0.0,0.0,0.0,0.0,0.0,0.0,0.0,4.725010261730272,-0.0025205700390387746,1.752385468872226,0.2963786317377674,0.01870838303577943,0.01,0.017644404858976025,162.25727584701963,4111.962130030617
26,168882,6501,288,11,580.55,954.7968751236862,-252.81771475666045,2633.5373619017446,0.0,0.0,0.0,0.0,0.0,0.0,0.0,0.0,0.0,4.926700575153033,-0.0036892236232233698,1.6691266032556693,0.2458491093168656,0.016873747069530768,0.01,0.017556182834681144,158.6369156620931,4270.59904569271
27,175061,6179,298,10,584.4,1000.2138703011909,-252.81771475666045,2633.5373619017446,0.0,0.0,0.0,0.0,0.0,0.0,0.0,0.0,0.0,3.7101370414098103,-0.0022587845929794843,1.853598226176368,0.05440248794025845,0.014965521505970998,0.01,0.017468401920507737,153.36256134300493,4423.961607035715
28,181373,6312,309,11,579.65,990.233514821078,-252.81771475666045,2590.745598146293,0.0,0.0,0.0,0.0,0.0,0.0,0.0,0.0,0.0,4.09787080536286,-0.0023055843339534476,1.7470822927852472,0.18306327623625596,0.0161334974395385,0.01,0.0173810599109052,159.4482661508955,4583.409873186611
29,187945,6572,320,11,588.64,980.6587946923489,-252.81771475666045,2590.745598146293,0.0,0.0,0.0,0.0,0.0,0.0,0.0,0.0,0.0,5.031868673773372,-0.0013116134723246682,1.6144529293565189,0.20339850269111934,0.01803298456273094,0.009999999999999998,0.017294154611350674,165.21870327019133,4748.628576456802
30,194445,6500,330,10,594.0,986.7168031139826,-252.81771475666045,2818.044918374593,0.0,0.0,0.0,0.0,0.0,0.0,0.0,0.0,0.0,4.8478788872154395,-9.70435955998849e-05,1.7000714392078167,0.24169006676090007,0.00856383458663128,0.01,0.017207683838293922,162.03019775287248,4910.658774209674
31,200945,6500,340,10,599.68,938.6922687433163,-252.81771475666045,2818.044918374593,0.0,0.0,0.0,0.0,0.0,0.0,0.0,0.0,0.0,5.45464768222734,0.0002273044421100149,1.7016575736158035,0.2073460625667198,0.012788802320175093,0.004999999999999999,0.017121645419102452,165.82153210113756,5076.480306310812
32,207163,6218,350,10,605.9,950.8405728310205,-252.81771475666045,2818.044918374593,0.0,0.0,0.0,0.0,0.0,0.0,0.0,0.0,0.0,4.344595089554787,-0.0007321802414177607,1.6721804591516654,0.28933647498488424,0.012027936736664776,0.005,0.01703603719200694,154.63113094191067,5231.111437252723
33,213893,6730,362,12,606.05,918.9568358656393,-252.81771475666045,2818.044918374593,0.0,0.0,0.0,0.0,0.0,0.0,0.0,0.0,0.0,4.545673284622339,-4.797087525590681e-05,1.7486853927373887,0.2072881831572606,0.010432622792877298,0.004999999999999999,0.016950857006046902,169.2627519450616,5400.374189197784
34,220248,6355,372,10,607.72,977.6092882201503,-252.81771475666045,2818.044918374593,0.0,0.0,0.0,0.0,0.0,0.0,0.0,0.0,0.0,4.829555589675904,-0.0024468186576850712,1.808590919971466,0.19826333451271058,0.018506527430785624,0.005,0.016866102721016667,159.1727718131151,5559.546961010899
35,226503,6255,383,11,605.25,1023.430662949226,-163.07495424174834,2818.044918374593,0.0,0.0,0.0,0.0,0.0,0.0,0.0,0.0,0.0,4.406843750330866,-0.0020980910469340732,1.7848942637443543,0.3161429102323493,0.01719478351593872,0.005,0.016781772207411585,164.97706691804342,5724.524027928943
36,232754,6251,394,11,600.06,1027.8808891933331,-163.07495424174834,2818.044918374593,0.0,0.0,0.0,0.0,0.0,0.0,0.0,0.0,0.0,4.464474787314733,-0.0014012798618447655,1.7612252883613109,0.1376976062854131,0.011992910575888359,0.005,0.016697863346374527,159.73823782312684,5884.26226575207
37,238911,6157,405,11,597.56,986.9385094530923,-273.14837774863537,2818.044918374593,0.0,0.0,0.0,0.0,0.0,0.0,0.0,0.0,0.0,4.632221898626774,-0.002203173207198369,1.7831047796188517,0.3037467209582633,0.01544363234207488,0.004999999999999999,0.016614374029642654,154.76691583590582,6039.0291815879755
38,245182,6271,415,10,603.78,999.9477005247973,-273.14837774863537,2818.044918374593,0.0,0.0,0.0,0.0,0.0,0.0,0.0,0.0,0.0,5.346820276610705,-0.0027206622463251864,1.703615128020851,0.2529724503050045,0.01713909551041593,0.005,0.01653130215949444,163.28671157197095,6202.315893159946
39,251913,6731,426,11,600.68,996.1114156942851,-273.14837774863537,2818.044918374593,0.0,0.0,0.0,0.0,0.0,0.0,0.0,0.0,0.0,5.146942103583858,-0.00457317416626468,1.7755360299686216,0.27965603706971653,0.02138745811035374,0.005,0.01644864564869697,170.24435721104965,6372.560250370996
40,258120,6207,436,10,597.75,1049.0826699551387,-273.14837774863537,2674.0601019355286,0.0,0.0,0.0,0.0,0.0,0.0,0.0,0.0,0.0,4.08691713518026,0.0001929317209014327,1.7689055900184476,0.4326650759395288,0.013971252792113684,0.005,0.016366402420453483,157.83008626289666,6530.390336633893
41,264676,6556,448,12,588.13,1084.385658673094,-273.14837774863537,2674.0601019355286,0.0,0.0,0.0,0.0,0.0,0.0,0.0,0.0,0.0,3.6463828539848326,-0.002478517385199666,1.9035506768226624,0.15474287390708924,0.01955124582626775,0.005,0.016284570408351216,163.94931529299356,6694.339651926886
42,271413,6737,459,11,589.58,1084.0896512550437,-273.14837774863537,2776.9790004747097,0.0,0.0,0.0,0.0,0.0,0.0,0.0,0.0,0.0,5.430716327520517,-0.003869454360728224,1.735942695232538,0.36092367722437935,0.024198789191366532,0.004999999999999999,0.016203147556309458,170.47094571613707,6864.810597643023
43,278184,6771,471,12,585.86,1060.1363801238203,-273.14837774863537,2776.9790004747097,0.0,0.0,0.0,0.0,0.0,0.0,0.0,0.0,0.0,5.055378644606646,-0.005192441562265979,1.7170734302670347,0.23300573744025885,0.020457980081105227,0.004999999999999999,0.01612213181852791,168.80264740693383,7033.613245049957
44,284684,6500,481,10,594.81,1034.3172469589003,-273.14837774863537,2776.9790004747097,0.0,0.0,0.0,0.0,0.0,0.0,0.0,0.0,0.0,6.002384248434328,1.0867726386469953e-06,1.702021800069248,0.03676111815022487,0.015024526012941047,0.004999999999999999,0.01604152115943527,165.1268769952003,7198.7401220451575
45,291094,6410,491,10,601.42,1013.8355254537638,-273.14837774863537,2776.9790004747097,0.0,0.0,0.0,0.0,0.0,0.0,0.0,0.0,0.0,7.487374747276307,-0.002011822617147118,1.596195280790329,0.4104946732521057,0.027594135983804256,0.005,0.015961313553638095,160.58525737002492,7359.325379415182
46,297513,6419,502,11,601.59,1013.8910010483979,-116.3664307292795,2776.9790004747097,0.0,0.0,0.0,0.0,0.0,0.0,0.0,0.0,0.0,5.1291087066426,-0.0009759420688793647,1.7567954874506184,0.3287186631969377,0.01501577854975155,0.004999999999999999,0.015881506985869903,163.36938017793,7522.694759593112
47,303827,6314,512,10,605.95,947.9045472538305,-116.3664307292795,2776.9790004747097,0.0,0.0,0.0,0.0,0.0,0.0,0.0,0.0,0.0,8.169392927169799,-0.003362540155649185,1.6632488534450531,0.5190588762760162,0.023639921925380804,0.005,0.015802099450940552,160.56901438487694,7683.263773977989
48,310090,6263,524,12,592.1,922.1609903716444,-129.19074331764267,2776.9790004747097,0.0,0.0,0.0,0.0,0.0,0.0,0.0,0.0,0.0,6.60662085085499,-0.0030648041581877563,1.7313050489036403,0.26009036971598254,0.01840331108313572,0.005,0.01572308895368585,158.95254427590407,7842.216318253893
49,316758,6668,535,11,592.88,901.530862612631,-129.19074331764267,2776.9790004747097,0.0,0.0,0.0,0.0,0.0,0.0,0.0,0.0,0.0,5.622189779101678,-0.002696275792330644,1.7905641342109104,0.2645623707546378,0.020221418384855867,0.005,0.015644473508917418,169.03089710511267,8011.247215359006
50,323367,6609,546,11,595.81,804.0104283906081,-175.2925495820557,2776.9790004747097,0.0,0.0,0.0,0.0,0.0,0.0,0.0,0.0,0.0,7.206187334427467,-0.0017376415046433417,1.6392636709488355,0.4213105356464019,0.021252351140832654,0.004999999999999999,0.01556625114137283,167.6485154130496,8178.895730772056
51,329563,6196,556,10,601.0,749.8187658344327,-175.2925495820557,2717.636551157342,0.0,0.0,0.0,0.0,0.0,0.0,0.0,0.0,0.0,8.1822676123405,-0.0008606718510997539,1.6383305330665745,0.3999450347861465,0.022947839378337158,0.005,0.015488419885665966,155.85761424317025,8334.753345015226
52,335919,6356,566,10,601.8,751.8871511575213,-175.2925495820557,2717.636551157342,0.0,0.0,0.0,0.0,0.0,0.0,0.0,0.0,0.0,6.1673705892562865,-0.0002867135377600789,1.7540099658966064,0.289137557387352,0.017464677822311325,0.005,0.015410977786237635,159.96519992803223,8494.718544943258
53,342659,6740,577,11,605.75,731.3669896066115,-175.2925495820557,2595.865318307273,0.0,0.0,0.0,0.0,0.0,0.0,0.0,0.0,0.0,7.607626427344556,6.975955154114174e-05,1.7066570846539624,0.40552684406064593,0.020682004947663438,0.005,0.015333922897306446,172.52973243198358,8667.248277375242
54,349137,6478,587,10,605.53,773.1682654984547,-175.2925495820557,2595.865318307273,0.0,0.0,0.0,0.0,0.0,0.0,0.0,0.0,0.0,6.5497564072702446,-0.002648349144203844,1.8121335966914307,0.46140918462884195,0.019643153146642837,0.004999999999999999,0.015257253282819913,162.3749737800099,8829.623251155252
55,355456,6319,597,10,608.91,759.156105277929,-192.2207617046278,2595.865318307273,0.0,0.0,0.0,0.0,0.0,0.0,0.0,0.0,0.0,8.08303245639801,-0.0015630883146077394,1.6876240630149841,0.5198598754405975,0.018310310351896588,0.005,0.015180967016405814,163.03342235507444,8992.656673510326
56,361786,6330,608,11,605.59,793.7207200656818,-192.2207617046278,2182.3055156916535,0.0,0.0,0.0,0.0,0.0,0.0,0.0,0.0,0.0,7.134127628326416,-0.0027107388740405442,1.6637627222537994,0.42227473616600036,0.023056113389416454,0.005,0.015105062181323785,160.50307488511316,9153.15974839544
57,368204,6418,618,10,607.84,838.2874496764191,-192.2207617046278,2182.3055156916535,0.0,0.0,0.0,0.0,0.0,0.0,0.0,0.0,0.0,7.255702520819272,0.0014769109568613418,1.7283109854249392,0.18231921990712482,0.014986760818026275,0.004999999999999999,0.015029536870417165,167.6263337850105,9320.78608218045
58,374426,6222,629,11,614.32,827.4920669012695,-192.2207617046278,2182.3055156916535,0.0,0.0,0.0,0.0,0.0,0.0,0.0,0.0,0.0,7.439357098754572,-0.0024825189215112098,1.7049456275239283,0.5327491403842459,0.020303214030779077,0.005,0.014954389186065078,165.2140518031083,9486.000133983558
59,380756,6330,640,11,608.79,807.6157630336874,-192.2207617046278,2182.3055156916535,0.0,0.0,0.0,0.0,0.0,0.0,0.0,0.0,0.0,6.912757759094238,0.0010372834163717925,1.722244556427002,0.5281706635951996,0.014897170922865534,0.005,0.014879617240134754,160.33812455809675,9646.338258541655
60,387496,6740,651,11,608.79,823.170624137838,-192.2207617046278,2182.3055156916535,0.0,0.0,0.0,0.0,0.0,0.0,0.0,0.0,0.0,8.399113167033477,0.0018387480273696721,1.7400774333991256,0.4412571247886209,0.01639803019092755,0.004999999999999999,0.01480521915393408,169.90118960198015,9816.239448143635
61,393749,6253,662,11,602.86,854.571834394843,-203.90140903250614,2182.3055156916535,0.0,0.0,0.0,0.0,0.0,0.0,0.0,0.0,0.0,7.015264059572804,9.27327808981039e-05,1.7903527284155087,0.5646500582597693,0.012409153721463975,0.005,0.014731193058164409,161.2494101980701,9977.488858341705
62,400231,6482,672,10,608.22,831.1974192707236,-219.88049904000718,2218.7742826235617,0.0,0.0,0.0,0.0,0.0,0.0,0.0,0.0,0.0,8.585330747155583,-0.0008149373363338265,1.6998821625522538,0.4994954665501912,0.018672467518129295,0.004999999999999999,0.014657537092873587,162.79625251004472,10140.28511085175
63,406648,6417,683,11,601.11,783.9234223745916,-219.88049904000718,2218.7742826235617,0.0,0.0,0.0,0.0,0.0,0.0,0.0,0.0,0.0,8.867943323135377,7.441172562539578e-05,1.6735590116977692,0.4421819711923599,0.021001498978411977,0.005,0.01458424940740922,161.35043187090196,10301.635542722652
64,413148,6500,693,10,601.11,789.3828103459264,-219.88049904000718,2218.7742826235617,0.0,0.0,0.0,0.0,0.0,0.0,0.0,0.0,0.0,7.610691853130565,-0.00018285042366615552,1.7414778555140775,0.5298010265125948,0.01963577252022755,0.004999999999999999,0.014511328160372174,170.83902480779216,10472.474567530444
65,419368,6220,704,11,593.62,829.5041482356478,-219.88049904000718,2218.7742826235617,0.0,0.0,0.0,0.0,0.0,0.0,0.0,0.0,0.0,6.862694632277197,-0.0030504914741887124,1.7915481937174895,0.517112266530796,0.017839443773372564,0.005,0.014438771519570313,158.00008164392784,10630.474649174372
66,425868,6500,714,10,601.82,797.0286534887908,-219.88049904000718,2218.7742826235617,0.0,0.0,0.0,0.0,0.0,0.0,0.0,0.0,0.0,9.274584888009464,-0.0001162243491111725,1.6603578801248589,0.576923362530914,0.019029533401802648,0.004999999999999999,0.014366577661972461,170.29929061001167,10800.773939784383
67,432368,6500,724,10,610.64,777.3850428787265,-219.88049904000718,2218.7742826235617,0.0,0.0,0.0,0.0,0.0,0.0,0.0,0.0,0.0,8.518282461166383,0.00205506655278013,1.6314472247572507,0.4670608408310834,0.015715141144386914,0.004999999999999999,0.014294744773662599,163.39407574897632,10964.16801553336
68,438569,6201,734,10,608.93,826.4415669951923,-219.88049904000718,2218.7742826235617,0.0,0.0,0.0,0.0,0.0,0.0,0.0,0.0,0.0,7.227051311609697,-0.003121208958802935,1.73350673646343,0.5424225422800804,0.017831326153710483,0.005,0.014223271049794286,159.05306579195894,11123.221081325319
69,445069,6500,744,10,617.13,842.4367446484649,-219.88049904000718,2218.7742826235617,0.0,0.0,0.0,0.0,0.0,0.0,0.0,0.0,0.0,7.273773814182656,-0.0009433277485453907,1.7118671529433307,0.46098817820642507,0.021679995622768195,0.004999999999999999,0.014152154694545314,166.52772163483314,11289.748802960152
70,451415,6346,754,10,619.69,898.096527590844,-219.88049904000718,2218.7742826235617,0.0,0.0,0.0,0.0,0.0,0.0,0.0,0.0,0.0,6.9834002532958985,-0.003704588031861931,1.6654522545337678,0.6452860143184662,0.019568969304209243,0.005,0.014081393921072587,160.794584864052,11450.543387824204
71,457691,6276,764,10,626.42,925.784892590938,-219.88049904000718,2298.2315048520913,0.0,0.0,0.0,0.0,0.0,0.0,0.0,0.0,0.0,5.580323623180389,-0.00156635605962947,1.8599136872291564,0.4828166427612305,0.01910983684193474,0.005,0.014010986951467224,159.98311847215518,11610.526506296359
72,464183,6492,776,12,617.62,973.0627618687193,-127.09455049098216,2298.2315048520913,0.0,0.0,0.0,0.0,0.0,0.0,0.0,0.0,0.0,5.317092938516654,-0.0011196447093514542,1.7769832884564118,0.5183139049539379,0.01940381589440469,0.004999999999999999,0.013940932016709888,165.88556121615693,11776.412067512516
73,470715,6532,787,11,614.67,1010.3819476644462,-127.09455049098216,2298.2315048520913,0.0,0.0,0.0,0.0,0.0,0.0,0.0,0.0,0.0,5.779790683319935,-0.00031606624296937996,1.8348641705054503,0.5639127552509308,0.018459865211761583,0.004999999999999999,0.01387122735662634,166.39204432396218,11942.804111836478
74,477330,6615,798,11,614.38,1017.1270811801629,-127.09455049098216,2298.2315048520913,0.0,0.0,0.0,0.0,0.0,0.0,0.0,0.0,0.0,7.639678263664246,0.0008932579004277403,1.7349060723414789,0.611806282057212,0.021497752196481798,0.004999999999999999,0.013801871219843208,168.07355341711082,12110.877665253589
75,483779,6449,809,11,611.61,973.7855760099916,-127.09455049098216,2298.2315048520913,0.0,0.0,0.0,0.0,0.0,0.0,0.0,0.0,0.0,11.030277218538172,-0.0010178231195930173,1.6159854571024577,0.6622494953520158,0.025960695389866614,0.004999999999999999,0.013732861863743992,166.58434509602375,12277.462010349613
76,490519,6740,820,11,607.51,957.4898638184013,-49.79663699872731,2298.2315048520913,0.0,0.0,0.0,0.0,0.0,0.0,0.0,0.0,0.0,10.020132127797828,0.0013669892627183558,1.6875726079041102,0.6498854540429025,0.020354337997658477,0.005,0.013664197554425273,184.05167385097593,12461.513684200589
77,497019,6500,830,10,610.5,976.8836854743988,-49.79663699872731,2298.2315048520913,0.0,0.0,0.0,0.0,0.0,0.0,0.0,0.0,0.0,7.995327548419728,0.00019209209153903467,1.7033744561905955,0.6900389380314771,0.022431121519272314,0.004999999999999999,0.013595876566653146,164.15451344195753,12625.668197642546
78,503519,6500,840,10,610.5,954.9325745126366,-90.29607772503921,2298.2315048520913,0.0,0.0,0.0,0.0,0.0,0.0,0.0,0.0,0.0,9.757824852887321,-0.0008143092564982819,1.695601619458666,0.6588136487147387,0.01974241409220432,0.004999999999999999,0.01352789718381988,164.73596887104213,12790.404166513588
79,510259,6740,851,11,606.4,948.1135305139805,-109.13374198462104,2298.2315048520913,0.0,0.0,0.0,0.0,0.0,0.0,0.0,0.0,0.0,7.693414285947692,0.00029198759419948986,1.7632647761758768,0.6151028046068155,0.019060843621321304,0.005,0.01346025769790078,177.71717960806563,12968.121346121654
80,516483,6224,861,10,607.42,924.2803408473716,-147.10367750818887,2266.5782824175494,0.0,0.0,0.0,0.0,0.0,0.0,0.0,0.0,0.0,7.681919517322463,0.0006570119515289458,1.74078308952098,0.5734621083249851,0.024733492389693884,0.005,0.013392956409411277,159.63970396108925,13127.761050082743
81,523205,6722,872,11,612.12,914.6202838397627,-147.10367750818887,2327.22313839021,0.0,0.0,0.0,0.0,0.0,0.0,0.0,0.0,0.0,7.350858508623563,0.005484877706756099,1.7256037496603451,0.6348971586961013,0.018316237324998288,0.004999999999999999,0.01332599162736422,169.1810044310987,13296.942054513842
82,529822,6617,883,11,617.07,869.9446285650281,-147.10367750818887,2327.22313839021,0.0,0.0,0.0,0.0,0.0,0.0,0.0,0.0,0.0,9.255229898599477,0.0006830473690150449,1.7346215626368156,0.6495122250456077,0.02783025848244869,0.004999999999999999,0.013259361669227398,169.24525085906498,13466.187305372907
83,536178,6356,896,13,601.48,832.4753795842074,-222.0386496015055,2327.22313839021,0.0,0.0,0.0,0.0,0.0,0.0,0.0,0.0,0.0,8.223250608444214,0.002338503007777035,1.7982596821784973,0.5850832798480987,0.017992996723303803,0.005,0.013193064860881261,163.13491461705416,13629.322219989961
84,542352,6174,907,11,597.25,854.8001425415458,-222.0386496015055,2327.22313839021,0.0,0.0,0.0,0.0,0.0,0.0,0.0,0.0,0.0,9.12797566822597,0.004564507933789674,1.7669377292905535,0.6840259489964465,0.016962466197096095,0.005,0.013127099536576856,156.1113218329847,13785.433541822946
85,549001,6649,919,12,591.32,888.8894624824273,-222.0386496015055,2327.22313839021,0.0,0.0,0.0,0.0,0.0,0.0,0.0,0.0,0.0,7.813167266662305,0.002612831948611599,1.75116999401496,0.652502339390608,0.026097615340322608,0.004999999999999999,0.013061464038893971,169.42666594893672,13954.860207771882
86,555212,6211,929,10,588.43,870.4716642503108,-222.0386496015055,2327.22313839021,0.0,0.0,0.0,0.0,0.0,0.0,0.0,0.0,0.0,10.283456710893281,0.004776706002956751,1.651800878437198,0.5566176351235838,0.019181895225753698,0.005,0.012996156718699501,158.40867204405367,14113.268879815936
87,561850,6638,940,11,583.31,866.5513238834058,-222.0386496015055,2327.22313839021,0.0,0.0,0.0,0.0,0.0,0.0,0.0,0.0,0.0,8.565523032041696,0.003625286932443627,1.6982730253384664,0.6939074530051305,0.02556203450322736,0.004999999999999999,0.012931175935106003,167.39079375797883,14280.659673573915
88,568331,6481,951,11,580.72,854.8169142455886,-222.0386496015055,2327.22313839021,0.0,0.0,0.0,0.0,0.0,0.0,0.0,0.0,0.0,8.591713888504925,0.0008596614054541159,1.6995486352957931,0.721056443452835,0.02050707017319472,0.004999999999999999,0.012866520055430472,163.56451686285436,14444.22419043677
89,574618,6287,962,11,574.85,841.0231239201047,-222.0386496015055,2327.22313839021,0.0,0.0,0.0,0.0,0.0,0.0,0.0,0.0,0.0,9.095031926155091,0.0041387539664283395,1.7694417607784272,0.6389908638000489,0.020618586669096564,0.005,0.01280218745515332,162.96547731314786,14607.189667749917
90,580923,6305,972,10,577.18,811.6811353154482,-222.0386496015055,2046.279535447303,0.0,0.0,0.0,0.0,0.0,0.0,0.0,0.0,0.0,10.316718297958374,0.005631268861703575,1.6677594742774964,0.6217017719745636,0.019050936736809795,0.005,0.012738176517877552,159.36690258188173,14766.556570331799
91,587209,6286,982,10,580.37,797.7709355222902,-222.0386496015055,2046.279535447303,0.0,0.0,0.0,0.0,0.0,0.0,0.0,0.0,0.0,11.380569923167325,0.002886680226620971,1.6838531173005395,0.634474186508023,0.024261324680639587,0.005,0.012674485635288163,161.5308443850372,14928.087414716836
92,593708,6499,993,11,588.42,823.3756675817841,-104.62621879558549,2046.279535447303,0.0,0.0,0.0,0.0,0.0,0.0,0.0,0.0,0.0,10.044906692504883,0.006954296517185867,1.6535215592384338,0.658118104815483,0.022255015329286216,0.005,0.012611113207111722,163.60130182188004,15091.688716538716
93,600340,6632,1004,11,595.28,852.4477143489464,-104.62621879558549,2639.4753552145517,0.0,0.0,0.0,0.0,0.0,0.0,0.0,0.0,0.0,6.638765881108303,0.004736720677921731,1.7592389597612268,0.6862997508516498,0.02388374452324215,0.004999999999999999,0.012548057641076164,167.14386350708082,15258.832580045797
94,606743,6403,1014,10,606.61,872.0584986808415,-104.62621879558549,2639.4753552145517,0.0,0.0,0.0,0.0,0.0,0.0,0.0,0.0,0.0,10.170910793192247,0.012605370047009167,1.6760115333631926,0.7236132544629714,0.028232446556124252,0.004999999999999999,0.012485317352870784,162.4795957119204,15421.312175757717
95,613105,6362,1024,10,611.43,859.8891515366645,-104.62621879558549,2639.4753552145517,0.0,0.0,0.0,0.0,0.0,0.0,0.0,0.0,0.0,11.973183069229126,0.00905501485557761,1.5995569829940797,0.7339040358066559,0.024023590751229267,0.005,0.01242289076610643,161.2972606930416,15582.609436450759
96,619813,6708,1036,12,600.51,884.0215769117572,-104.62621879558549,2639.4753552145517,0.0,0.0,0.0,0.0,0.0,0.0,0.0,0.0,0.0,7.568580918941858,0.009914342408894368,1.7969862049480654,0.6378227642122305,0.021623919600456523,0.005,0.012360776312275898,177.76780429901555,15760.377240749775
97,626313,6500,1046,10,612.05,895.5726794523482,-104.62621879558549,2639.4753552145517,0.0,0.0,0.0,0.0,0.0,0.0,0.0,0.0,0.0,10.687433560689291,0.005994798931494063,1.6979654901167927,0.6646671000648947,0.026002553151467774,0.004999999999999999,0.012298972430714518,183.38204802083783,15943.759288770612
98,632986,6673,1057,11,615.75,906.3538151596036,-104.62621879558549,2639.4753552145517,0.0,0.0,0.0,0.0,0.0,0.0,0.0,0.0,0.0,8.335680124894628,0.009239337385087362,1.734937228796617,0.7074734588838973,0.025001351216499414,0.005,0.012237477568560945,173.8330198819749,16117.592308652587
99,639382,6396,1069,12,602.18,867.394437186026,-174.30846183808765,2639.4753552145517,0.0,0.0,0.0,0.0,0.0,0.0,0.0,0.0,0.0,10.52430790901184,0.010146519836038351,1.6806243102550507,0.6318786205053329,0.0327743130968917,0.005,0.01217629018071814,164.78237990406342,16282.37468855665
100,645882,6500,1079,10,606.23,887.4747850232711,-174.30846183808765,2639.4753552145517,0.0,0.0,0.0,0.0,0.0,0.0,0.0,0.0,0.0,10.142630590438843,0.008468311838340015,1.7438002877235412,0.6781513504981994,0.027337961887361963,0.005,0.012115408729814548,164.62142692389898,16446.99611548055
101,652431,6549,1090,11,606.73,892.991574441118,-174.30846183808765,2639.4753552145517,0.0,0.0,0.0,0.0,0.0,0.0,0.0,0.0,0.0,10.275355892914993,0.004579068285126525,1.6764772814053757,0.6974496491826497,0.04536861992998975,0.004999999999999999,0.012054831686165475,169.7585645809304,16616.75468006148
102,659216,6785,1102,12,601.76,843.1790195194694,-260.06668123096347,2098.4694703355035,0.0,0.0,0.0,0.0,0.0,0.0,0.0,0.0,0.0,11.064944341889134,0.012320323933467821,1.7119665666862771,0.7348918774613628,0.024361152307800386,0.0075000000000000015,0.011994557527734647,175.50491568795405,16792.259595749434
103,665608,6392,1113,11,595.13,794.0186849473296,-260.06668123096347,2098.4694703355035,0.0,0.0,0.0,0.0,0.0,0.0,0.0,0.0,0.0,14.221327716827393,0.005142028549686074,1.5452122128009795,0.7890484297275543,0.034948963097302284,0.0075000000000000015,0.011934584740095974,161.48590058018453,16953.74549632962
104,672017,6409,1123,10,595.62,830.1977860236251,-260.06668123096347,2098.4694703355035,0.0,0.0,0.0,0.0,0.0,0.0,0.0,0.0,0.0,9.326111023098814,0.009825867262906303,1.7426768842865439,0.644904438420838,0.026782979542512072,0.007500000000000002,0.011874911816395495,163.2862555871252,17117.031751916744
105,678376,6359,1133,10,604.35,807.7865785358355,-260.06668123096347,2012.1582504036912,0.0,0.0,0.0,0.0,0.0,0.0,0.0,0.0,0.0,11.127102510452271,0.01731921670632437,1.7158128716945649,0.677472929239273,0.03245014267089159,0.0075000000000000015,0.011815537257313517,160.6365237000864,17277.66827561683
106,684730,6354,1143,10,603.67,809.1754052430567,-260.06668123096347,2012.1582504036912,0.0,0.0,0.0,0.0,0.0,0.0,0.0,0.0,0.0,9.08948487456964,0.009017732054261225,1.6938708655688228,0.7274122573891465,0.0413545357969531,0.007500000000000002,0.01175645957102695,158.60707124019973,17436.27534685703
107,690977,6247,1154,11,599.23,793.8673241905651,-260.06668123096347,2012.1582504036912,0.0,0.0,0.0,0.0,0.0,0.0,0.0,0.0,0.0,9.156885128605122,0.006320463719763508,1.7499934882533794,0.766923528788041,0.02045271171338166,0.01125,0.011697677273171815,157.87365042697638,17594.148997284006
108,697637,6660,1165,11,602.71,840.8043217929562,-260.06668123096347,2198.547601762471,0.0,0.0,0.0,0.0,0.0,0.0,0.0,0.0,0.0,9.044760967650504,0.013204749067586338,1.7894051115467864,0.7640292930153181,0.026376028312154666,0.01125,0.011639188886805957,169.43150724307634,17763.580504527083
109,704237,6600,1176,11,603.05,798.5533213338795,-260.06668123096347,2198.547601762471,0.0,0.0,0.0,0.0,0.0,0.0,0.0,0.0,0.0,13.882798026158259,0.015937532043944186,1.6351542486594273,0.7300697853932014,0.02707737185925732,0.01125,0.011580992942371927,168.52091590082273,17932.101420427905
110,710862,6625,1187,11,603.81,797.9326798243665,-260.06668123096347,2389.83130447331,0.0,0.0,0.0,0.0,0.0,0.0,0.0,0.0,0.0,11.33678134404696,0.009994482549462612,1.7113858931339705,0.7792928929512317,0.030047402750310877,0.01125,0.011523087977660067,167.18857699190266,18099.289997419808
111,717191,6329,1197,10,610.99,822.6603940491742,-260.06668123096347,2389.83130447331,0.0,0.0,0.0,0.0,0.0,0.0,0.0,0.0,0.0,8.47328599357605,0.018685986251570284,1.7998122172355653,0.6996974984407425,0.03780505612772305,0.01125,0.011465472537771767,160.63813908095472,18259.928136500763
112,723745,6554,1208,11,606.29,848.9949646667734,-223.1234304906198,2395.8763523884477,0.0,0.0,0.0,0.0,0.0,0.0,0.0,0.0,0.0,10.108287921606326,0.019739431553228083,1.7005600534233392,0.7096954269736421,0.04268428759658527,0.01125,0.011408145175082908,166.0085101639852,18425.936646664748
113,730245,6500,1218,10,614.78,845.0963765360407,-196.92139663797894,2395.8763523884477,0.0,0.0,0.0,0.0,0.0,0.0,0.0,0.0,0.0,12.822389956081615,0.012178952585193602,1.7093785500993917,0.7726734563416126,0.03426910547868849,0.016875,0.011351104449207493,166.03102594288066,18591.96767260763
114,736968,6723,1229,11,611.92,852.5296739750333,-196.92139663797894,2395.8763523884477,0.0,0.0,0.0,0.0,0.0,0.0,0.0,0.0,0.0,10.037616215112074,0.02851627534079664,1.7299001621750165,0.7951762034083313,0.0467801832565467,0.016875,0.011294348926961456,169.35740881809033,18761.32508142572
115,743587,6619,1240,11,608.07,866.3723652102204,-196.92139663797894,2395.8763523884477,0.0,0.0,0.0,0.0,0.0,0.0,0.0,0.0,0.0,8.793588477831621,0.01604731040021691,1.7934136917957892,0.733919853086655,0.05217025184807145,0.02531250000000001,0.011237877182326649,168.17314942204393,18929.498230847763
116,749801,6214,1250,10,610.14,875.7027413827328,-196.92139663797894,2395.8763523884477,0.0,0.0,0.0,0.0,0.0,0.0,0.0,0.0,0.0,9.378227780789745,0.015006404096374706,1.7483416790864905,0.8041666055212215,0.03500278719834312,0.03796875,0.011181687796415015,159.44885904621333,19088.947089893976
117,755961,6160,1262,12,602.74,877.2115181190029,-196.92139663797894,2395.8763523884477,0.0,0.0,0.0,0.0,0.0,0.0,0.0,0.0,0.0,6.820871562373881,0.024044759326367356,1.8559982058953266,0.7707576694537183,0.05048389083976974,0.03796875,0.01112577935743294,156.59000740712509,19245.5370973011
118,762217,6256,1272,10,604.4,891.577669254669,-196.92139663797894,2395.8763523884477,0.0,0.0,0.0,0.0,0.0,0.0,0.0,0.0,0.0,11.837125013312514,0.029691085337224057,1.6377752226226183,0.8092788134302412,0.03432917986065786,0.05695312500000002,0.011070150460645776,158.84102562791668,19404.378122929018
119,768570,6353,1283,11,603.08,823.6460626196584,-196.92139663797894,2395.8763523884477,0.0,0.0,0.0,0.0,0.0,0.0,0.0,0.0,0.0,15.581274938583373,0.03793926218384877,1.6254722878932952,0.7836550377607345,0.0511024163095355,0.056953125000000014,0.011014799708342547,163.3439096410293,19567.722032570047
120,774886,6316,1293,10,602.95,836.9660614736044,-196.92139663797894,2490.781871080652,0.0,0.0,0.0,0.0,0.0,0.0,0.0,0.0,0.0,11.80262890434265,0.031840601073578,1.7298137788772583,0.754781381368637,0.045810599508468004,0.08542968750000002,0.010959725709800834,159.54916401486844,19727.271196584916
121,781437,6551,1304,11,600.14,839.1352479402318,-210.67059811145657,2490.781871080652,0.0,0.0,0.0,0.0,0.0,0.0,0.0,0.0,0.0,9.426091880064744,0.028245407461117093,1.8025654517687284,0.7494331651009046,0.04810451799959373,0.12814453125000005,0.01090492708125183,165.87136633996852,19893.142562924884
122,787696,6259,1314,10,600.51,845.1694463879498,-210.67059811145657,2490.781871080652,0.0,0.0,0.0,0.0,0.0,0.0,0.0,0.0,0.0,13.636991366561578,0.019809984423847377,1.6204140030607885,0.8037667409497864,0.038504987613456845,0.19221679687499998,0.01085040244584557,159.4923715298064,20052.63493445469
123,794107,6411,1324,10,602.46,807.9307734913511,-243.58069474304102,2490.781871080652,0.0,0.0,0.0,0.0,0.0,0.0,0.0,0.0,0.0,13.628198509590298,0.04220814535567793,1.6761382180101732,0.7707638243834177,0.05935823292764282,0.192216796875,0.010796150433616343,170.26879888190888,20222.9037333366
124,800291,6184,1334,10,601.94,822.5004652252188,-243.58069474304102,2492.22086718058,0.0,0.0,0.0,0.0,0.0,0.0,0.0,0.0,0.0,9.786985986086787,0.02297984761642102,1.7650771710337425,0.7650743337310091,0.036526789687274776,0.2883251953125,0.010742169681448262,160.08619001787156,20382.98992335447
125,806970,6679,1345,11,603.96,797.0021482023423,-243.58069474304102,2492.22086718058,0.0,0.0,0.0,0.0,0.0,0.0,0.0,0.0,0.0,12.302303071291941,0.012495170010007777,1.7193265244645892,0.803987577501333,0.030728689289462346,0.28832519531250006,0.010688458833041021,169.45213978597894,20552.44206314045
126,813186,6216,1357,12,600.65,769.044538987549,-252.27470257477944,2492.22086718058,0.0,0.0,0.0,0.0,0.0,0.0,0.0,0.0,0.0,10.645164714256923,0.009956302733432192,1.7291940110425155,0.8126585303495327,0.019798417003529398,0.2883251953125,0.010635016538875816,165.30085024097934,20717.74291338143
127,819922,6736,1369,12,595.84,795.2507319328271,-252.27470257477944,2504.9864367078817,0.0,0.0,0.0,0.0,0.0,0.0,0.0,0.0,0.0,10.556477042863953,0.02901124755219328,1.6786871075630188,0.804021001311968,0.03678681407967828,0.28832519531250006,0.010581841456181436,180.63776845904067,20898.38068184047
128,826241,6319,1379,10,602.71,814.4954947201005,-252.27470257477944,2504.9864367078817,0.0,0.0,0.0,0.0,0.0,0.0,0.0,0.0,0.0,10.55101350402832,0.01615158980060369,1.8034999523162842,0.7741002119779586,0.027159174419012222,0.2883251953125,0.010528932248900528,171.4365794090554,21069.817261249525
129,832757,6516,1391,12,591.71,872.9056636112323,-252.27470257477944,2504.9864367078817,0.0,0.0,0.0,0.0,0.0,0.0,0.0,0.0,0.0,8.59318889169132,0.018710481268057015,1.7177909156855415,0.7783296509116304,0.033830289190237624,0.2883251953125,0.010476287587656025,166.80347717599943,21236.620738425525
130,839147,6390,1402,11,590.09,829.2868893041028,-252.27470257477944,2504.9864367078817,0.0,0.0,0.0,0.0,0.0,0.0,0.0,0.0,0.0,13.155874597549438,0.01365461383247748,1.7303213691711425,0.828167197227478,0.02805056406744348,0.2883251953125,0.010423906149717745,161.31270448304713,21397.933442908572
131,845485,6338,1413,11,584.39,835.2232045813223,-252.27470257477944,2504.9864367078817,0.0,0.0,0.0,0.0,0.0,0.0,0.0,0.0,0.0,12.114180429458617,0.026804114350816234,1.7225696523189544,0.7426867886781693,0.034408902440225285,0.2883251953125,0.010371786618969156,159.76565099111758,21557.69909389969
132,851683,6198,1423,10,582.26,869.195981522918,-252.27470257477944,2504.9864367078817,0.0,0.0,0.0,0.0,0.0,0.0,0.0,0.0,0.0,10.49177038470904,0.012434138370250973,1.742831801623106,0.8100291639566422,0.029901362243745126,0.2883251953125,0.01031992768587431,160.14168922393583,21717.840783123625
133,858364,6681,1435,12,574.23,855.1327421227711,-252.27470257477944,2504.9864367078817,0.0,0.0,0.0,0.0,0.0,0.0,0.0,0.0,0.0,9.499907970428467,0.0205156854667271,1.8001911692894421,0.7917495188804773,0.03027847742566027,0.28832519531250006,0.010268328047444939,180.44130328507163,21898.282086408697
134,864864,6500,1445,10,578.94,900.0681284285471,-252.27470257477944,2504.9864367078817,0.0,0.0,0.0,0.0,0.0,0.0,0.0,0.0,0.0,10.877989078970517,0.01975994621650042,1.7600126397375968,0.8312583898796755,0.025687999968130405,0.2883251953125,0.010216986407207715,164.79613855993375,22063.07822496863
135,871282,6418,1455,10,593.96,946.1738250644706,-211.53364798689262,2504.9864367078817,0.0,0.0,0.0,0.0,0.0,0.0,0.0,0.0,0.0,8.730598960876465,0.014523681263439357,1.7881288704872131,0.7810585607290268,0.030235119601716067,0.2883251953125,0.010165901475171676,162.91020213393494,22225.988427102566
136,877890,6608,1466,11,595.08,987.7131071317834,-211.53364798689262,2294.585205492003,0.0,0.0,0.0,0.0,0.0,0.0,0.0,0.0,0.0,7.028025953442443,0.021470281519178375,1.875864635261835,0.7482149175569123,0.03091275965539566,0.2883251953125,0.010115071967795817,167.86164243193343,22393.8500695345
137,884390,6500,1476,10,600.99,956.5489259064088,-211.53364798689262,2294.585205492003,0.0,0.0,0.0,0.0,0.0,0.0,0.0,0.0,0.0,13.998134839301017,0.013289706459310015,1.6931113790063297,0.8461765788349451,0.028782015017184675,0.2883251953125,0.010064496607956839,173.05018052086234,22566.90025005536
138,890720,6330,1487,11,597.6,942.1317672068149,-211.53364798689262,2294.585205492003,0.0,0.0,0.0,0.0,0.0,0.0,0.0,0.0,0.0,12.67204373550415,0.029167790365405382,1.7394411172866822,0.8416180834770203,0.0306435268637781,0.2883251953125,0.010014174124917055,172.3056923840195,22739.20594243938
139,896981,6261,1497,10,607.34,960.8319690349166,-190.3632140453832,2265.1419845354835,0.0,0.0,0.0,0.0,0.0,0.0,0.0,0.0,0.0,11.995847604712662,0.01923400161084624,1.7360917458728868,0.8048489074317776,0.026221424159576786,0.2883251953125,0.00996410325429247,159.4543706330005,22898.66031307238
140,903543,6562,1509,12,604.2,945.4315209140639,-190.3632140453832,2265.1419845354835,0.0,0.0,0.0,0.0,0.0,0.0,0.0,0.0,0.0,12.817503052491409,0.010625846266674881,1.6737443249959212,0.8347020947016203,0.025807006069791354,0.28832519531250006,0.009914282738021007,169.40239560906775,23068.06270868145
141,909738,6195,1520,11,598.1,969.2147931284129,-169.35987471451833,2265.1419845354835,0.0,0.0,0.0,0.0,0.0,0.0,0.0,0.0,0.0,11.130013421117043,0.017282950839179814,1.7751817017185445,0.8594243842728284,0.02261094164331897,0.2883251953125,0.009864711324330902,156.79726252914406,23224.859971210593
142,916238,6500,1530,10,607.91,935.8026264113598,-204.94949947796772,2265.1419845354835,0.0,0.0,0.0,0.0,0.0,0.0,0.0,0.0,0.0,14.11684632581823,0.017454761920003767,1.7164555533259522,0.8386699549123353,0.02844063509210673,0.2883251953125,0.009815387767709249,171.59899071301334,23396.458961923607
143,922978,6740,1541,11,607.14,923.5166507397946,-204.94949947796772,2265.1419845354835,0.0,0.0,0.0,0.0,0.0,0.0,0.0,0.0,0.0,13.567448368439308,0.010399941728414538,1.637407958966035,0.8530848838962042,0.02787833927701385,0.28832519531250006,0.009766310828870703,178.52383075701073,23574.982792680617
144,929289,6311,1552,11,599.57,850.7486434794031,-204.94949947796772,2265.1419845354835,0.0,0.0,0.0,0.0,0.0,0.0,0.0,0.0,0.0,14.178476183755057,0.018187676007118153,1.7250772281568878,0.8404239137561954,0.03273334540570023,0.2883251953125,0.00971747927472635,163.9788272359874,23738.961619916605
145,935652,6363,1562,10,603.62,839.3659985832892,-204.94949947796772,2239.66620572618,0.0,0.0,0.0,0.0,0.0,0.0,0.0,0.0,0.0,7.156861748695373,0.017982539211865513,1.8418634626865387,0.8142163640260697,0.03108233729005256,0.2883251953125,0.00966889187835272,161.16610055207275,23900.127720468678
146,942119,6467,1573,11,596.79,837.7531195841203,-204.94949947796772,2239.66620572618,0.0,0.0,0.0,0.0,0.0,0.0,0.0,0.0,0.0,14.211414109024346,0.010134387198908657,1.6882311694762286,0.8820121110654344,0.02199735474549824,0.2883251953125,0.009620547418960956,164.64222724200226,24064.76994771068
147,948551,6432,1584,11,597.81,844.1089023263988,-204.94949947796772,2239.66620572618,0.0,0.0,0.0,0.0,0.0,0.0,0.0,0.0,0.0,12.740156124114991,0.018548446986824275,1.7020893540382385,0.8612706476449966,0.03481411160529318,0.2883251953125,0.009572444681866151,174.76619428605773,24239.536141996738
148,954966,6415,1597,13,579.85,790.0328533600131,-204.94949947796772,2239.66620572618,0.0,0.0,0.0,0.0,0.0,0.0,0.0,0.0,0.0,13.287875340031643,0.01772856442988211,1.6419080009647444,0.8864885102300083,0.025455780806687787,0.2883251953125,0.009524582458456821,167.05678673298098,24406.59292872972
149,961501,6535,1608,11,586.08,796.309468246235,-204.94949947796772,2239.66620572618,0.0,0.0,0.0,0.0,0.0,0.0,0.0,0.0,0.0,14.35197406387329,0.014902310732752085,1.6144643902778626,0.8757529253959656,0.030987682931133242,0.2883251953125,0.009476959546164537,162.80379073810764,24569.396719467826
150,968001,6500,1618,10,594.28,770.7606603919094,-204.94949947796772,2239.66620572618,0.0,0.0,0.0,0.0,0.0,0.0,0.0,0.0,0.0,13.73364283991795,0.012194071122782998,1.6821548492300744,0.8931686728608375,0.024207251812178716,0.2883251953125,0.009429574748433714,163.32105324906297,24732.71777271689
151,974741,6740,1629,11,591.53,793.1759760121926,-180.03798504821182,2239.66620572618,0.0,0.0,0.0,0.0,0.0,0.0,0.0,0.0,0.0,10.656790128743873,0.015468897598461722,1.7577327019763442,0.8844377740374151,0.03097620314022807,0.28832519531250006,0.009382426874691546,173.66650672606193,24906.38427944295
152,981024,6283,1640,11,586.96,817.1020802465931,-180.03798504821182,2239.66620572618,0.0,0.0,0.0,0.0,0.0,0.0,0.0,0.0,0.0,9.708130771636963,0.013601722971070557,1.8177410345077514,0.8881678103208542,0.021251501017022313,0.2883251953125,0.009335514740318088,171.46665238100104,25077.850931823952
153,987524,6500,1650,10,595.35,822.1728540946092,-180.03798504821182,2239.66620572618,0.0,0.0,0.0,0.0,0.0,0.0,0.0,0.0,0.0,14.395685114179338,0.015309020746689366,1.6692451000213624,0.8698342888939138,0.029036769510150138,0.2883251953125,0.009288837166616498,162.5425702962093,25240.39350212016
154,993975,6451,1661,11,589.73,748.3754389687862,-180.03798504821182,2143.9285345281182,0.0,0.0,0.0,0.0,0.0,0.0,0.0,0.0,0.0,17.531100938834395,0.01585483995868879,1.6752250477379445,0.8689156543974783,0.022302015574759176,0.2883251953125,0.009242392980783415,165.05469009885564,25405.448192219017
155,1000282,6307,1671,10,594.63,736.6374050573224,-180.03798504821182,2143.9285345281182,0.0,0.0,0.0,0.0,0.0,0.0,0.0,0.0,0.0,13.969509015083313,0.017433621677570045,1.7160954246520996,0.8686431159973145,0.026802610387101466,0.2883251953125,0.009196181015879499,159.57656185515225,25565.02475407417
156,1006741,6459,1682,11,594.9,748.3559458536578,-180.03798504821182,2143.9285345281182,0.0,0.0,0.0,0.0,0.0,0.0,0.0,0.0,0.0,11.6145606508442,0.01627730024686339,1.723986897281572,0.87601992335974,0.030395652272049996,0.2883251953125,0.0091502001108001,168.24663129099645,25733.271385365166
157,1013241,6500,1692,10,603.89,782.6811909621474,-180.03798504821182,1858.2350296484333,0.0,0.0,0.0,0.0,0.0,0.0,0.0,0.0,0.0,12.19450393190571,0.015451016169790105,1.7597746804648755,0.8647470115446577,0.02395916331660458,0.2883251953125,0.009104449110246101,175.83583516185172,25909.107220527017
158,1019981,6740,1703,11,613.2,790.6083552891819,-180.03798504821182,1858.2350296484333,0.0,0.0,0.0,0.0,0.0,0.0,0.0,0.0,0.0,16.38760291765321,0.010656770125453203,1.6371116770888274,0.8866946897416744,0.024607182596268755,0.28832519531250006,0.00905892686469487,171.36096015921794,26080.468180686235
159,1026492,6511,1714,11,610.91,803.4237294129833,-173.30693003491274,1858.2350296484333,0.0,0.0,0.0,0.0,0.0,0.0,0.0,0.0,0.0,12.80494587655161,0.0176891609839182,1.742971294300229,0.86896985336846,0.02857713479441408,0.2883251953125,0.009013632230371394,165.4249382209964,26245.893118907232
160,1033232,6740,1725,11,610.91,815.5208457434487,-173.30693003491274,1862.9790530485545,0.0,0.0,0.0,0.0,0.0,0.0,0.0,0.0,0.0,12.065085796209482,0.01426808435577326,1.752393381182964,0.9048472074361947,0.029430077195200823,0.28832519531250006,0.008968564069219538,168.47168592410162,26414.364804831333
161,1039804,6572,1736,11,609.23,794.122403467982,-173.30693003491274,1921.5905513431521,0.0,0.0,0.0,0.0,0.0,0.0,0.0,0.0,0.0,11.386327307040874,0.0240315902324465,1.6667125970125198,0.8910231111141351,0.03147723767369816,0.28832519531250006,0.00892372124887344,170.97844150220044,26585.343246333534
162,1046482,6678,1747,11,609.08,758.9958685573891,-173.30693003491274,1921.5905513431521,0.0,0.0,0.0,0.0,0.0,0.0,0.0,0.0,0.0,17.37541519800822,0.016321823251543237,1.5873411758273255,0.9258454824195189,0.02340586441843979,0.2883251953125,0.008879102642629073,179.8823822250124,26765.225628558546
163,1052885,6403,1757,10,612.21,736.9806118672082,-173.30693003491274,1921.5905513431521,0.0,0.0,0.0,0.0,0.0,0.0,0.0,0.0,0.0,21.696057626312854,0.0031914177985277537,1.4929372218309664,0.9039489927245121,0.017940264016939034,0.2883251953125,0.008834707129415928,163.96250065113418,26929.18812920968
164,1059658,6773,1768,11,613.26,781.9992320163748,-173.30693003491274,2102.8078189176877,0.0,0.0,0.0,0.0,0.0,0.0,0.0,0.0,0.0,8.721784574580642,0.02231735364569105,1.8458128713211923,0.9033524997954099,0.03362687277555386,0.28832519531250006,0.008790533593768848,170.81541389995255,27100.003543109633
165,1065916,6258,1779,11,607.15,787.5808527240163,-154.81717643869817,2102.8078189176877,0.0,0.0,0.0,0.0,0.0,0.0,0.0,0.0,0.0,12.21232354884245,0.01811807508466347,1.7327921682474565,0.9130103873963259,0.02886248071232127,0.2883251953125,0.008746580925800003,159.8514156548772,27259.85495876451
166,1072081,6165,1790,11,601.4,742.1054328543421,-154.81717643869817,2102.8078189176877,0.0,0.0,0.0,0.0,0.0,0.0,0.0,0.0,0.0,14.368134901474933,0.0238432007894034,1.65762276487539,0.9145926938981426,0.030986777623669103,0.2883251953125,0.008702848021171003,164.16678062500432,27424.021739389515
167,1078821,6740,1801,11,601.4,789.6269834890923,-154.81717643869817,2102.8078189176877,0.0,0.0,0.0,0.0,0.0,0.0,0.0,0.0,0.0,11.355455569501194,0.020750595485123823,1.663869912894267,0.920682784746278,0.03007762073012517,0.28832519531250006,0.008659333781065148,186.37812344217673,27610.39986283169
168,1085321,6500,1811,10,607.79,751.1298992627292,-154.81717643869817,2137.497104871092,0.0,0.0,0.0,0.0,0.0,0.0,0.0,0.0,0.0,19.23460559096991,0.020139856208298428,1.636585383087981,0.910953354251151,0.023247052252751563,0.2883251953125,0.008616037112159823,164.68655784311704,27775.08642067481
169,1091807,6486,1821,10,607.65,687.285426101987,-325.48438115684985,2137.497104871092,0.0,0.0,0.0,0.0,0.0,0.0,0.0,0.0,0.0,19.72439992942062,0.010681746406343711,1.6113461155517428,0.9191983498778997,0.021874068203785835,0.2883251953125,0.008572956926599025,163.75402509700507,27938.840445771813
170,1098307,6500,1831,10,617.53,716.8828818255538,-325.48438115684985,2137.497104871092,0.0,0.0,0.0,0.0,0.0,0.0,0.0,0.0,0.0,11.085133545071471,0.023731393411563818,1.7861748499028822,0.9002981335509057,0.03779292183234876,0.2883251953125,0.008530092141966029,162.75014337804168,28101.590589149855
171,1104511,6204,1841,10,619.29,713.8937364100404,-325.48438115684985,2137.497104871092,0.0,0.0,0.0,0.0,0.0,0.0,0.0,0.0,0.0,16.44788919289907,0.017972163301116475,1.6338265779117742,0.9251017883419991,0.03110657436095027,0.2883251953125,0.008487441681256199,159.17395895300433,28260.76454810286
172,1111022,6511,1852,11,612.9,766.9584909449799,-325.48438115684985,2137.497104871092,0.0,0.0,0.0,0.0,0.0,0.0,0.0,0.0,0.0,11.245742315404556,0.015668028585758862,1.6085784799912397,0.9474930313287997,0.02815508385983969,0.2883251953125,0.008445004472849918,176.4227910330519,28437.18733913591
173,1117778,6756,1863,11,609.93,720.9561870058659,-325.48438115684985,2137.497104871092,0.0,0.0,0.0,0.0,0.0,0.0,0.0,0.0,0.0,20.148996417927293,0.010872749588891582,1.5136161500552916,0.9295087492690897,0.027249982118626597,0.28832519531250006,0.008402779450485669,174.18594303610735,28611.37328217202
174,1124518,6740,1874,11,614.42,707.4610547728506,-325.48438115684985,2137.497104871092,0.0,0.0,0.0,0.0,0.0,0.0,0.0,0.0,0.0,13.262339115142822,0.021645684907968456,1.6513231808284543,0.9364106467309988,0.026338471448549058,0.28832519531250006,0.00836076555323324,170.83786140289158,28782.21114357491
175,1131018,6500,1884,10,624.27,709.1876481801443,-325.48438115684985,2137.497104871092,0.0,0.0,0.0,0.0,0.0,0.0,0.0,0.0,0.0,15.675345317840577,0.026626554182730616,1.6887775673866272,0.922080680847168,0.037455084100374285,0.2883251953125,0.008318961725467073,163.9991974849254,28946.210341059836
176,1137791,6773,1897,13,615.7,678.0888410338325,-325.48438115684985,2137.497104871092,0.0,0.0,0.0,0.0,0.0,0.0,0.0,0.0,0.0,13.38505998647438,0.029589083047478267,1.6557800423424198,0.9434495082441366,0.03710777122080126,0.28832519531250006,0.008277366916839737,175.46201777807437,29121.67235883791
177,1144291,6500,1907,10,615.7,708.2317145486893,-392.6162638153726,2168.9171411079565,0.0,0.0,0.0,0.0,0.0,0.0,0.0,0.0,0.0,11.260850524902343,0.01582536255968187,1.706126435363994,0.9604546286311804,0.028479352673778536,0.2883251953125,0.008235980082255538,178.2802125730086,29299.95257141092
178,1150484,6193,1917,10,612.77,733.298454105152,-392.6162638153726,2168.9171411079565,0.0,0.0,0.0,0.0,0.0,0.0,0.0,0.0,0.0,16.98403134443322,0.011040296995708224,1.47334981840484,0.9563089076353579,0.026332967264390873,0.2883251953125,0.00819480018184426,159.05778882885352,29459.010360239772
179,1157150,6666,1928,11,607.93,743.5070961650536,-392.6162638153726,2168.9171411079565,0.0,0.0,0.0,0.0,0.0,0.0,0.0,0.0,0.0,14.552373151959113,0.017802078374397925,1.6126693266742633,0.9491058329366288,0.024180200443400385,0.28832519531250006,0.008153826180935039,170.61729525518604,29629.627655494958
180,1163650,6500,1938,10,610.89,739.1389871586955,-392.6162638153726,2168.9171411079565,0.0,0.0,0.0,0.0,0.0,0.0,0.0,0.0,0.0,13.429700140859566,0.016849274526112804,1.6575647085320715,0.9436987879229527,0.029955938550556522,0.2883251953125,0.008113057050030363,163.45083633810282,29793.07849183306
181,1170150,6500,1948,10,616.2,772.8540994778285,-392.6162638153726,2168.9171411079565,0.0,0.0,0.0,0.0,0.0,0.0,0.0,0.0,0.0,10.905194456437055,0.018636982383060396,1.7606865429410747,0.9208168485585381,0.04132884616562311,0.2883251953125,0.00807249176478021,165.58319009002298,29958.661681923084
182,1176404,6254,1958,10,618.76,810.5920964987806,-392.6162638153726,2168.9171411079565,0.0,0.0,0.0,0.0,0.0,0.0,0.0,0.0,0.0,14.574560081715486,0.01603739089142455,1.6308363950982385,0.9458810541094566,0.022102743577059058,0.43248779296875023,0.00803212930595631,168.76067083003,30127.422352753114
183,1182893,6489,1969,11,616.25,833.0164632257081,-392.6162638153726,2168.9171411079565,0.0,0.0,0.0,0.0,0.0,0.0,0.0,0.0,0.0,12.148122342427571,0.019302380973400146,1.6139703907218634,0.9394915576074637,0.02606332736437378,0.4324877929687502,0.007991968659426528,168.78224256401882,30296.204595317133
184,1189633,6740,1980,11,612.15,799.270229973022,-392.6162638153726,2168.9171411079565,0.0,0.0,0.0,0.0,0.0,0.0,0.0,0.0,0.0,20.44012629670917,0.01690690759789058,1.4878943929132427,0.9486628518914276,0.022222425529900496,0.43248779296875023,0.007952008816129395,172.14963129907846,30468.35422661621
185,1196107,6474,1990,10,620.66,800.2808886996022,-392.6162638153726,2168.9171411079565,0.0,0.0,0.0,0.0,0.0,0.0,0.0,0.0,0.0,15.25401354408264,0.01485435352474451,1.6112464997768403,0.9552900410890579,0.02647787985579042,0.43248779296875023,0.007912248772048748,161.15399091993459,30629.508217536146
186,1202607,6500,2000,10,628.66,815.7466806538733,-392.6162638153726,2168.9171411079565,0.0,0.0,0.0,0.0,0.0,0.0,0.0,0.0,0.0,13.688681884840422,0.016742447978422028,1.6644834368836645,0.9546143867221533,0.028938782041643577,0.4324877929687502,0.007872687528188505,161.21463665016927,30790.722854186315
187,1208937,6330,2011,11,620.46,782.2727546601569,-358.84475281370874,2109.8062409823497,0.0,0.0,0.0,0.0,0.0,0.0,0.0,0.0,0.0,15.455683845520019,0.013057187310419978,1.6231237320899963,0.9477270121574402,0.02350694331574148,0.43248779296875023,0.007833324090547562,178.075273625087,30968.798127811402
188,1215350,6413,2021,10,622.66,777.1310535600398,-358.84475281370874,2109.8062409823497,0.0,0.0,0.0,0.0,0.0,0.0,0.0,0.0,0.0,16.02054354536767,0.012732120720194836,1.5364208001716464,0.9633051916664722,0.020201271720093398,0.4324877929687502,0.007794157470094824,169.85266039404087,31138.650788205443
189,1221804,6454,2031,10,627.04,801.0161726340332,-358.84475281370874,2109.8062409823497,0.0,0.0,0.0,0.0,0.0,0.0,0.0,0.0,0.0,13.840780826643401,0.016933994479568712,1.6531555051897087,0.9544434951800926,0.028193944720468156,0.4324877929687502,0.00775518668274435,164.14822919806466,31302.799017403508
190,1228269,6465,2042,11,620.19,814.8664722220431,-358.84475281370874,2109.8062409823497,0.0,0.0,0.0,0.0,0.0,0.0,0.0,0.0,0.0,13.605417978997323,0.019028918882466706,1.7285910440426246,0.9448377852346382,0.03791069175647002,0.4324877929687502,0.007716410749330628,165.56228094082326,31468.36129834433
191,1234769,6500,2052,10,620.19,822.5209389113355,-358.84475281370874,2125.2014988684596,0.0,0.0,0.0,0.0,0.0,0.0,0.0,0.0,0.0,9.4646035490036,0.023270664611831308,1.7436782281398773,0.9269765932559967,0.0437801168956846,0.43248779296875023,0.007677828695583974,163.6733152079396,31632.03461355227
192,1241403,6634,2064,12,610.99,804.1706414364498,-358.84475281370874,2125.2014988684596,0.0,0.0,0.0,0.0,0.0,0.0,0.0,0.0,0.0,13.858148305232708,0.019592266299206622,1.5931512756989552,0.9655513806984974,0.028767685205324866,0.6487316894531252,0.007639439552106054,172.46377629996277,31804.498389852233
193,1247842,6439,2075,11,614.59,816.0661961603963,-358.84475281370874,2173.2097696997494,0.0,0.0,0.0,0.0,0.0,0.0,0.0,0.0,0.0,15.39244630241394,0.021341657148674132,1.6796114745140076,0.9389511835575104,0.031632645024461704,0.6487316894531252,0.007601242354345524,174.11605682899244,31978.614446681226
194,1254342,6500,2085,10,614.85,855.6649504587228,-271.4685530877565,2173.2097696997494,0.0,0.0,0.0,0.0,0.0,0.0,0.0,0.0,0.0,14.397403730130662,0.02377668786405896,1.6826153598579705,0.9229684399623497,0.03062814020315077,0.6487316894531251,0.007563236142573796,167.53902528295293,32146.15347196418
195,1260829,6487,2096,11,608.22,834.7164842550119,-271.4685530877565,2173.2097696997494,0.0,0.0,0.0,0.0,0.0,0.0,0.0,0.0,0.0,16.25579050849466,0.012973032455307012,1.5584163259057437,0.9621198054622201,0.023417815908469065,0.6487316894531251,0.007525419961860927,164.37770954403095,32310.53118150821
196,1267083,6254,2106,10,609.86,814.7774825067685,-271.4685530877565,2173.2097696997494,0.0,0.0,0.0,0.0,0.0,0.0,0.0,0.0,0.0,18.57198495670241,0.011077131602761088,1.6552067228725977,0.950613563887927,0.021630613807222372,0.6487316894531251,0.007487792862051622,156.29323717788793,32466.824418686097
197,1273493,6410,2117,11,607.43,804.7224654840824,-205.4402769913515,2173.2097696997494,0.0,0.0,0.0,0.0,0.0,0.0,0.0,0.0,0.0,16.544212745666503,0.014407934754621238,1.641229947090149,0.9385756613016129,0.02704410122894664,0.6487316894531252,0.007450353897741364,164.27273449185304,32631.09715317795
198,1279993,6500,2127,10,607.89,811.9311999036075,-174.14088878496204,2173.2097696997494,0.0,0.0,0.0,0.0,0.0,0.0,0.0,0.0,0.0,16.11581168829226,0.008352401417990525,1.6056026617685955,0.9424948970476786,0.019036839915762504,0.6487316894531251,0.007413102128252657,179.22482990892604,32810.32198308688
199,1286251,6258,2138,11,605.82,805.7989234660378,-174.14088878496204,2230.9658626200408,0.0,0.0,0.0,0.0,0.0,0.0,0.0,0.0,0.0,13.036587174084723,0.021482243062453155,1.684631322841255,0.9215252499191129,0.02654228334087732,0.6487316894531251,0.007376036617611394,161.05154864420183,32971.37353173108
200,1292690,6439,2149,11,598.71,770.5115941650726,-155.82575240163442,2230.9658626200408,0.0,0.0,0.0,0.0,0.0,0.0,0.0,0.0,0.0,13.233024829041725,0.00752844038218552,1.6080461784905078,0.9481012827041102,0.019043924718389074,0.6487316894531251,0.007339156434523337,166.62635746016167,33137.99988919124
201,1299462,6772,2160,11,606.59,731.2443611432285,-155.82575240163442,2230.9658626200408,0.0,0.0,0.0,0.0,0.0,0.0,0.0,0.0,0.0,17.89514047334779,0.008902857038807475,1.6174821419535943,0.9202401491830934,0.019748914241908302,0.6487316894531252,0.0073024606523507205,171.41040593385696,33309.4102951251
202,1306036,6574,2171,11,607.94,751.8385193328805,-155.82575240163442,2301.5908792027685,0.0,0.0,0.0,0.0,0.0,0.0,0.0,0.0,0.0,11.412685752644832,0.0254331709788542,1.7047783335860895,0.9349635568757851,0.03853319703877581,0.6487316894531251,0.007265948349088967,164.2926318750251,33473.70292700012
203,1312593,6557,2182,11,602.01,754.34652405006,-129.74046154580557,2351.6511875363003,0.0,0.0,0.0,0.0,0.0,0.0,0.0,0.0,0.0,14.384976665646422,0.01745082336185756,1.719190305822036,0.9429225985910378,0.02813339741517841,0.6487316894531251,0.007229618607343523,176.75864101503976,33650.46156801516
204,1318838,6245,2192,10,604.65,762.4656462146254,-129.74046154580557,2351.6511875363003,0.0,0.0,0.0,0.0,0.0,0.0,0.0,0.0,0.0,14.043991775098055,0.017502189059640565,1.575735299224439,0.9633429445650267,0.02142970621600793,0.6487316894531251,0.007193470514306805,163.50090985908173,33813.96247787424
205,1325578,6740,2203,11,604.45,782.7237485957462,-129.74046154580557,2351.6511875363003,0.0,0.0,0.0,0.0,0.0,0.0,0.0,0.0,0.0,15.604256520181332,0.01340275194170832,1.6542690090413363,0.9608259598039232,0.02331374905793541,0.6487316894531252,0.007157503161735271,176.8100404071156,33990.77251828136
